[
{
    "model": "webapp.task",
    "pk": 1,
    "fields": {
        "created_at": "2025-09-08T13:06:06.140Z",
        "updated_at": "2025-09-08T17:29:37.526Z",
        "summary": "учиться 4+ часов каждый день",
        "description": "",
        "status": 1,
        "project": 1,
        "author": 1,
        "types": [
            2
        ]
    }
},
{
    "model": "webapp.task",
    "pk": 2,
    "fields": {
        "created_at": "2025-09-08T13:06:35.144Z",
        "updated_at": "2025-09-08T19:06:57.709Z",
        "summary": "выявить затыки в темах",
        "description": "в чем разница между task.summary = form.cleaned_data.get(\"summary\") и task.summary = form.cleaned_data[\"summary\"]",
        "status": 1,
        "project": 2,
        "author": 1,
        "types": [
            1,
            2
        ]
    }
},
{
    "model": "webapp.task",
    "pk": 3,
    "fields": {
        "created_at": "2025-09-08T13:07:11.212Z",
        "updated_at": "2025-09-08T19:03:32.640Z",
        "summary": "прочитать про gitignore",
        "description": "файлы которые не нужно отслеживать просачиваются до создания gitignore. Выяснить. Исправить",
        "status": 2,
        "project": 2,
        "author": 1,
        "types": [
            2,
            3
        ]
    }
},
{
    "model": "webapp.task",
    "pk": 4,
    "fields": {
        "created_at": "2025-09-08T13:09:26.039Z",
        "updated_at": "2025-09-08T19:04:55.679Z",
        "summary": "тип и статус",
        "description": "вынести в админке само название статуса и типа, а не Type object (1) и Status object (2)",
        "status": 3,
        "project": 3,
        "author": 1,
        "types": [
            1,
            2
        ]
    }
},
{
    "model": "webapp.task",
    "pk": 5,
    "fields": {
        "created_at": "2025-09-08T13:12:17.213Z",
        "updated_at": "2025-09-08T17:51:32.691Z",
        "summary": "придумать еще две задачи",
        "description": "",
        "status": 3,
        "project": 1,
        "author": 1,
        "types": [
            1
        ]
    }
},
{
    "model": "webapp.task",
    "pk": 6,
    "fields": {
        "created_at": "2025-09-08T13:13:10.244Z",
        "updated_at": "2025-09-27T16:46:00.573Z",
        "summary": "датамиграции",
        "description": "просмотреть, потестить jhjh",
        "status": 3,
        "project": 3,
        "author": 1,
        "types": [
            1
        ]
    }
},
{
    "model": "webapp.task",
    "pk": 7,
    "fields": {
        "created_at": "2025-09-08T16:54:26.611Z",
        "updated_at": "2025-09-08T18:00:40.936Z",
        "summary": "тест вьюшки CreateTask",
        "description": "",
        "status": 3,
        "project": 2,
        "author": 1,
        "types": [
            2
        ]
    }
},
{
    "model": "webapp.task",
    "pk": 8,
    "fields": {
        "created_at": "2025-09-08T16:55:30.109Z",
        "updated_at": "2025-09-08T19:03:42.026Z",
        "summary": "Тест дубль 2",
        "description": "",
        "status": 2,
        "project": 3,
        "author": 1,
        "types": [
            1,
            3
        ]
    }
},
{
    "model": "webapp.task",
    "pk": 9,
    "fields": {
        "created_at": "2025-09-08T17:31:18.398Z",
        "updated_at": "2025-09-17T09:23:34.104Z",
        "summary": "Карточки",
        "description": "карточки на главной странице сделать одного размера, h-100 не сработал",
        "status": 3,
        "project": 3,
        "author": 1,
        "types": [
            3
        ]
    }
},
{
    "model": "webapp.task",
    "pk": 12,
    "fields": {
        "created_at": "2025-09-08T18:57:18.039Z",
        "updated_at": "2025-09-16T12:48:34.486Z",
        "summary": "Тест вьюшки UpdateTask",
        "description": "hhhhhhhhhhhhhhhhh",
        "status": 2,
        "project": 1,
        "author": 1,
        "types": [
            1,
            3
        ]
    }
},
{
    "model": "webapp.task",
    "pk": 14,
    "fields": {
        "created_at": "2025-09-16T17:07:10.240Z",
        "updated_at": "2025-09-16T17:16:53.541Z",
        "summary": "тест updateview fomview",
        "description": "hhhhhhhhhhh",
        "status": 2,
        "project": 1,
        "author": 1,
        "types": [
            1,
            2
        ]
    }
},
{
    "model": "webapp.task",
    "pk": 16,
    "fields": {
        "created_at": "2025-09-16T17:33:11.984Z",
        "updated_at": "2025-09-16T17:35:42.450Z",
        "summary": "тест валидатора",
        "description": "успешно",
        "status": 2,
        "project": 1,
        "author": 1,
        "types": [
            2
        ]
    }
},
{
    "model": "webapp.task",
    "pk": 20,
    "fields": {
        "created_at": "2025-09-17T10:08:17.541Z",
        "updated_at": "2025-09-17T10:08:17.541Z",
        "summary": "mood",
        "description": "mood",
        "status": 1,
        "project": 2,
        "author": 1,
        "types": [
            2
        ]
    }
},
{
    "model": "webapp.task",
    "pk": 22,
    "fields": {
        "created_at": "2025-09-17T10:30:03.820Z",
        "updated_at": "2025-09-17T10:31:32.854Z",
        "summary": "конфликт",
        "description": "ааа, тест редактора",
        "status": 1,
        "project": 2,
        "author": 1,
        "types": [
            2
        ]
    }
},
{
    "model": "webapp.task",
    "pk": 30,
    "fields": {
        "created_at": "2025-09-22T19:58:43.653Z",
        "updated_at": "2025-09-22T19:58:55.856Z",
        "summary": "get absolute url",
        "description": "test test",
        "status": 3,
        "project": 1,
        "author": 1,
        "types": [
            1
        ]
    }
},
{
    "model": "webapp.task",
    "pk": 33,
    "fields": {
        "created_at": "2025-09-24T19:26:02.044Z",
        "updated_at": "2025-09-24T19:26:16.972Z",
        "summary": "тест baseform",
        "description": "вынесла form-control",
        "status": 3,
        "project": 2,
        "author": 1,
        "types": [
            2
        ]
    }
},
{
    "model": "webapp.task",
    "pk": 34,
    "fields": {
        "created_at": "2025-09-25T12:48:35.642Z",
        "updated_at": "2025-09-25T12:49:09.630Z",
        "summary": "создание задачи в проекте",
        "description": "проверка прошла",
        "status": 1,
        "project": 3,
        "author": 1,
        "types": [
            1
        ]
    }
},
{
    "model": "webapp.task",
    "pk": 43,
    "fields": {
        "created_at": "2025-09-25T17:23:30.428Z",
        "updated_at": "2025-09-25T17:23:30.428Z",
        "summary": "диффузор",
        "description": "забрать",
        "status": 2,
        "project": 6,
        "author": 1,
        "types": [
            2
        ]
    }
},
{
    "model": "webapp.task",
    "pk": 45,
    "fields": {
        "created_at": "2025-09-25T17:28:45.013Z",
        "updated_at": "2025-09-25T17:28:45.013Z",
        "summary": "справка",
        "description": "But I must explain to you how all this mistaken idea of denouncing pleasure and praising pain was born and I will give you a complete account of the system",
        "status": 1,
        "project": 9,
        "author": 1,
        "types": [
            2
        ]
    }
},
{
    "model": "webapp.task",
    "pk": 46,
    "fields": {
        "created_at": "2025-09-25T17:30:57.862Z",
        "updated_at": "2025-09-25T17:30:57.862Z",
        "summary": "суббота",
        "description": "a man who chooses to enjoy a pleasure that has no annoying consequences, or one who avoids a pain that produces no resultant pleasure?\"",
        "status": 2,
        "project": 10,
        "author": 1,
        "types": [
            2
        ]
    }
},
{
    "model": "webapp.task",
    "pk": 47,
    "fields": {
        "created_at": "2025-09-25T18:09:23.029Z",
        "updated_at": "2025-09-25T18:09:23.029Z",
        "summary": "But I must explain to you how",
        "description": "but because occasionally circumstances occur in which toil and pain can procure him some great pleasure. To take a trivial example,",
        "status": 2,
        "project": 11,
        "author": 1,
        "types": [
            1
        ]
    }
},
{
    "model": "webapp.task",
    "pk": 49,
    "fields": {
        "created_at": "2025-09-27T16:14:21.316Z",
        "updated_at": "2025-09-27T16:14:21.316Z",
        "summary": "задача",
        "description": "задача создана в импульсивном состоянии когда пальцы печатали быстрее чем думал мозг",
        "status": 2,
        "project": 15,
        "author": 1,
        "types": [
            1
        ]
    }
},
{
    "model": "webapp.task",
    "pk": 50,
    "fields": {
        "created_at": "2025-10-01T15:19:00.596Z",
        "updated_at": "2025-10-02T21:49:58.988Z",
        "summary": "form.valid",
        "description": "form.instance",
        "status": 1,
        "project": 16,
        "author": 13,
        "types": [
            1
        ]
    }
},
{
    "model": "webapp.task",
    "pk": 51,
    "fields": {
        "created_at": "2025-10-06T12:51:25.331Z",
        "updated_at": "2025-10-06T12:51:25.331Z",
        "summary": "задача",
        "description": "هِ وَهُوَ يَرْتَدِي ثِيَابًا جَمِيلَةً وَرَأَى أَثْنَاءَ سَيْرِهِ رَجُلًا فَقِيرًا يَأْتِي مُسْرِعً",
        "status": 2,
        "project": 7,
        "author": 4,
        "types": [
            2
        ]
    }
},
{
    "model": "webapp.task",
    "pk": 53,
    "fields": {
        "created_at": "2025-10-06T12:59:09.742Z",
        "updated_at": "2025-10-06T12:59:09.742Z",
        "summary": "wkjndwlkedmw",
        "description": "wlkmdew;lmedw",
        "status": 3,
        "project": 11,
        "author": 3,
        "types": [
            2
        ]
    }
},
{
    "model": "webapp.task",
    "pk": 55,
    "fields": {
        "created_at": "2025-10-06T13:25:28.255Z",
        "updated_at": "2025-10-06T13:25:28.255Z",
        "summary": "lead's task",
        "description": "طلبوا منه أن يذكر لهم…",
        "status": 3,
        "project": 8,
        "author": 4,
        "types": [
            2
        ]
    }
},
{
    "model": "webapp.task",
    "pk": 56,
    "fields": {
        "created_at": "2025-10-06T13:27:27.838Z",
        "updated_at": "2025-10-06T13:27:27.838Z",
        "summary": "тест permissions",
        "description": "Проза подразделяется на виды в зависимости от места ее происхождения",
        "status": 1,
        "project": 8,
        "author": 4,
        "types": [
            2
        ]
    }
},
{
    "model": "webapp.type",
    "pk": 1,
    "fields": {
        "created_at": "2025-09-08T12:27:42.653Z",
        "updated_at": "2025-09-08T12:27:42.653Z",
        "name": "задача"
    }
},
{
    "model": "webapp.type",
    "pk": 2,
    "fields": {
        "created_at": "2025-09-08T12:27:48.920Z",
        "updated_at": "2025-09-08T12:27:48.920Z",
        "name": "улучшение"
    }
},
{
    "model": "webapp.type",
    "pk": 3,
    "fields": {
        "created_at": "2025-09-08T12:27:54.449Z",
        "updated_at": "2025-09-08T12:27:54.449Z",
        "name": "ошибка"
    }
},
{
    "model": "webapp.status",
    "pk": 1,
    "fields": {
        "created_at": "2025-09-08T12:26:31.074Z",
        "updated_at": "2025-09-08T12:26:31.074Z",
        "name": "новый"
    }
},
{
    "model": "webapp.status",
    "pk": 2,
    "fields": {
        "created_at": "2025-09-08T12:26:39.306Z",
        "updated_at": "2025-09-08T12:26:39.306Z",
        "name": "в процессе"
    }
},
{
    "model": "webapp.status",
    "pk": 3,
    "fields": {
        "created_at": "2025-09-08T12:26:44.801Z",
        "updated_at": "2025-09-08T12:26:44.801Z",
        "name": "выполнено"
    }
},
{
    "model": "webapp.project",
    "pk": 1,
    "fields": {
        "created_at": "2025-09-24T19:57:39.033Z",
        "updated_at": "2025-09-24T19:57:39.033Z",
        "summary": "Тест",
        "description": "все задачи",
        "start_date": "2025-09-26",
        "end_date": "2025-09-25",
        "author": 8,
        "participants": []
    }
},
{
    "model": "webapp.project",
    "pk": 2,
    "fields": {
        "created_at": "2025-09-24T20:13:20.273Z",
        "updated_at": "2025-09-24T20:13:20.273Z",
        "summary": "тест детального просмотра",
        "description": "",
        "start_date": "2025-09-19",
        "end_date": "2025-09-25",
        "author": 8,
        "participants": [
            10,
            11,
            12
        ]
    }
},
{
    "model": "webapp.project",
    "pk": 3,
    "fields": {
        "created_at": "2025-09-24T22:21:49.859Z",
        "updated_at": "2025-09-24T22:21:49.859Z",
        "summary": "тест редактирования проекта",
        "description": "лову",
        "start_date": "2025-09-27",
        "end_date": "2025-03-22",
        "author": 8,
        "participants": [
            3,
            4,
            8,
            9,
            10
        ]
    }
},
{
    "model": "webapp.project",
    "pk": 6,
    "fields": {
        "created_at": "2025-09-25T17:23:00.550Z",
        "updated_at": "2025-09-25T17:23:00.550Z",
        "summary": "кудрявый метод",
        "description": "стайлинг",
        "start_date": "2024-05-10",
        "end_date": null,
        "author": 4,
        "participants": []
    }
},
{
    "model": "webapp.project",
    "pk": 7,
    "fields": {
        "created_at": "2025-09-25T17:24:32.776Z",
        "updated_at": "2025-09-25T17:24:32.776Z",
        "summary": "еще один проект",
        "description": "новый старый",
        "start_date": "2025-03-22",
        "end_date": "2024-10-10",
        "author": 4,
        "participants": [
            2,
            3,
            14
        ]
    }
},
{
    "model": "webapp.project",
    "pk": 8,
    "fields": {
        "created_at": "2025-09-25T17:26:18.891Z",
        "updated_at": "2025-09-25T17:26:18.891Z",
        "summary": "7 утра",
        "description": "3 раза в зал",
        "start_date": "2025-09-14",
        "end_date": "2025-09-27",
        "author": 4,
        "participants": [
            9,
            10,
            11
        ]
    }
},
{
    "model": "webapp.project",
    "pk": 9,
    "fields": {
        "created_at": "2025-09-25T17:27:59.032Z",
        "updated_at": "2025-09-25T17:27:59.032Z",
        "summary": "плавание",
        "description": "ed ut perspiciatis unde omnis iste natus error sit voluptatem accusantium doloremque laudantium, totam rem aperiam, eaque ipsa quae ab illo inventore veritatis et quasi architecto beatae vitae",
        "start_date": "2022-01-22",
        "end_date": "2022-03-10",
        "author": 3,
        "participants": []
    }
},
{
    "model": "webapp.project",
    "pk": 10,
    "fields": {
        "created_at": "2025-09-25T17:30:16.599Z",
        "updated_at": "2025-09-25T17:30:16.599Z",
        "summary": "мотоцикл",
        "description": "получить права",
        "start_date": "2025-10-01",
        "end_date": "2025-12-25",
        "author": 3,
        "participants": []
    }
},
{
    "model": "webapp.project",
    "pk": 11,
    "fields": {
        "created_at": "2025-09-25T18:08:38.583Z",
        "updated_at": "2025-09-25T18:08:38.583Z",
        "summary": "один",
        "description": "At vero eos et accusamus et iusto odio dignissimos ducimus qui blanditiis praesentium voluptatum deleniti atque corrupti quos dolores et quas molestias excepturi sint",
        "start_date": "2025-09-18",
        "end_date": "2025-09-26",
        "author": 3,
        "participants": []
    }
},
{
    "model": "webapp.project",
    "pk": 12,
    "fields": {
        "created_at": "2025-09-25T18:09:49.816Z",
        "updated_at": "2025-09-25T18:09:49.816Z",
        "summary": "один",
        "description": "but because occasionally circumstances occur in which toil and pain can procure him some great pleasure. To take a trivial example,",
        "start_date": "2025-09-18",
        "end_date": "2025-09-09",
        "author": 9,
        "participants": [
            3,
            4,
            8,
            9
        ]
    }
},
{
    "model": "webapp.project",
    "pk": 13,
    "fields": {
        "created_at": "2025-09-25T18:10:10.343Z",
        "updated_at": "2025-09-25T19:33:10.430Z",
        "summary": "один",
        "description": "but because occasionally circumstances occur in which toil and pain can procure him some great pleasure. To take a trivial example",
        "start_date": "2025-09-11",
        "end_date": "2025-09-12",
        "author": 12,
        "participants": [
            4,
            8,
            9
        ]
    }
},
{
    "model": "webapp.project",
    "pk": 15,
    "fields": {
        "created_at": "2025-09-27T16:12:58.512Z",
        "updated_at": "2025-09-27T16:12:58.512Z",
        "summary": "проект",
        "description": "проект установлен на ровном месте пока не совершил прыжок",
        "start_date": "2022-02-10",
        "end_date": null,
        "author": 1,
        "participants": [
            10,
            11,
            12,
            13
        ]
    }
},
{
    "model": "webapp.project",
    "pk": 16,
    "fields": {
        "created_at": "2025-10-01T15:16:45.742Z",
        "updated_at": "2025-10-01T15:16:45.742Z",
        "summary": "форм.валид",
        "description": "передача автора в проект",
        "start_date": "2025-10-02",
        "end_date": null,
        "author": 13,
        "participants": [
            1,
            2,
            4,
            8,
            9
        ]
    }
},
{
    "model": "webapp.project",
    "pk": 20,
    "fields": {
        "created_at": "2025-10-02T19:01:39.406Z",
        "updated_at": "2025-10-02T19:15:59.662Z",
        "summary": "lily",
        "description": "Currently both species14 are considered endangered1",
        "start_date": "2023-02-10",
        "end_date": "2025-10-31",
        "author": 1,
        "participants": [
            9,
            10,
            11,
            12
        ]
    }
},
{
    "model": "webapp.project",
    "pk": 23,
    "fields": {
        "created_at": "2025-10-02T19:14:16.275Z",
        "updated_at": "2025-10-02T19:15:44.801Z",
        "summary": "lily's project",
        "description": "love joy giggle toy",
        "start_date": "2025-05-10",
        "end_date": "2025-10-12",
        "author": 13,
        "participants": [
            9,
            10
        ]
    }
}
]
